founder_id,name,genome
0,Ancestor ancestor [Ancestor],128;128;128;128;128;128
2,Virido defenso [Algae],180;200;50;220;50;120;0
3,Caeruleo defenso [Fungi],160;180;120;50;220;200;3
4,Aggresso rubra [Protozoa],210;140;50;50;220;240;240;128
24590,Rubra caeruleo [Fungi],103;217;249;40;10;197;187
24596,Caeruleo rubra [Fungi],142;219;18;203;232;184;107
40983,Caeruleo rubra [Fungi],194;154;81;158;253;235;98
8219,Caeruleo virido [Fungi],198;37;156;0;241;200;104
40998,Rubra senecto [Fungi],205;19;209;33;130;200;144
41001,Energo defenso [Fungi],253;234;223;127;145;227;126
41005,Defenso virido [Bacteria],204;120;176;94;235;128;184;255
24625,Aggresso energo [Bacteria],9;120;106;69;58;119;240;221
8245,Aggresso virido [Protozoa],80;140;23;13;220;240;240;39
41017,Senecto defenso [Fungi],121;254;114;160;112;238;95
41021,Sporulo defenso [Fungi],201;250;208;88;230;254;39
41046,Defenso virido [Bacteria],220;209;225;6;34;202;13;255
24662,Energo defenso [Fungi],242;104;70;132;94;219;19
8284,Senecto rubra [Protozoa],176;246;50;199;220;240;240;78
41066,Sporulo caeruleo [Fungi],119;148;87;102;40;200;165
41081,Virido rubra [Fungi],145;175;50;217;108;145;215
32894,Celer caeruleo [Bacteria],223;229;154;197;58;244;65;162
41088,Sporulo caeruleo [Fungi],219;217;218;171;11;254;53
41090,Senecto caeruleo [Bacteria],149;245;77;171;5;67;149;178
32899,Caeruleo virido [Fungi],169;148;144;65;172;172;93
24708,Defenso caeruleo [Fungi],221;39;120;81;35;233;252
41099,Sporulo caeruleo [Fungi],219;217;218;42;11;254;207
16542,Caeruleo senecto [Fungi],108;33;202;213;229;46;38
41147,Senecto rubra [Fungi],151;217;112;201;116;185;187
41156,Defenso virido [Bacteria],215;134;185;33;58;175;223;255
24796,Caeruleo rubra [Fungi],204;179;19;47;227;50;42
32991,Energo caeruleo [Bacteria],220;42;170;102;16;175;184;212
41191,Energo caeruleo [Fungi],247;226;50;232;38;184;43
24811,Sporulo caeruleo [Fungi],169;104;58;167;26;237;171
238,Sporulo defenso [Fungi],160;94;72;43;67;200;3
249,Sporulo caeruleo [Fungi],75;140;111;133;21;189;149
33020,Senecto rubra [Fungi],172;245;41;67;146;117;212
253,Defenso virido [Fungi],125;180;120;50;220;117;247
41218,Senecto sporulo [Fungi],183;246;45;205;232;40;143
260,Virido rubra [Fungi],160;180;120;241;206;200;121
41228,Defenso energo [Fungi],68;190;167;210;163;89;249
24845,Sporulo rubra [Fungi],227;82;43;49;86;244;181
41236,Energo rubra [Fungi],241;145;24;59;169;204;102
16661,Caeruleo sporulo [Fungi],247;224;120;201;252;49;183
24855,Energo caeruleo [Fungi],241;161;24;68;18;202;102
41240,Virido caeruleo [Fungi],108;203;15;241;10;95;222
41249,Virido energo [Fungi],142;153;217;241;166;213;204
291,Virido senecto [Fungi],226;145;215;253;169;200;165
41251,Senecto virido [Fungi],171;254;210;85;187;92;145
41259,Senecto sporulo [Fungi],190;252;107;192;124;34;234
41260,Caeruleo senecto [Fungi],205;18;132;141;238;224;126
24889,Energo defenso [Fungi],251;214;202;117;100;174;3
316,Virido caeruleo [Fungi],160;180;30;201;9;194;67
41281,Rubra defenso [Fungi],198;153;243;176;164;107;102
8514,Caeruleo energo [Fungi],84;153;135;156;208;131;194
41302,Senecto rubra [Fungi],67;235;12;53;50;92;104
41304,Sporulo defenso [Fungi],125;196;29;168;127;237;20
33113,Energo rubra [Fungi],225;201;6;78;132;204;132
24924,Energo caeruleo [Fungi],247;167;224;201;135;210;246
33118,Sporulo defenso [Fungi],108;164;156;91;149;166;60
24933,Sporulo defenso [Fungi],227;180;186;197;246;248;111
369,Caeruleo defenso [Fungi],160;5;25;21;205;200;3
8563,Sporulo defenso [Fungi],219;62;114;151;9;254;3
24976,Sporulo energo [Fungi],5;40;244;42;211;253;187
41372,Caeruleo rubra [Fungi],240;180;151;201;245;202;186
412,Sporulo defenso [Fungi],93;180;24;41;128;200;2
41387,Defenso virido [Bacteria],220;67;176;50;169;169;184;255
33201,Senecto virido [Fungi],141;251;176;12;175;185;245
435,Virido defenso [Fungi],27;28;87;149;61;121;2
439,Senecto defenso [Fungi],112;193;41;50;9;67;3
41400,Sporulo caeruleo [Fungi],214;123;171;206;54;253;64
41412,Defenso energo [Fungi],105;217;233;201;116;136;234
41425,Energo caeruleo [Fungi],224;120;47;22;8;179;166
41429,Rubra defenso [Fungi],160;180;227;155;103;200;35
16857,Defenso virido [Fungi],160;190;59;29;163;200;239
41435,Sporulo rubra [Fungi],85;104;55;113;103;205;135
33252,Senecto aggresso [Protozoa],176;246;235;83;220;35;125;78
25061,Senecto caeruleo [Fungi],210;232;92;43;23;199;104
41457,Sporulo senecto [Fungi],152;87;223;123;113;228;98
510,Energo caeruleo [Fungi],242;162;120;185;12;134;41
41470,Energo virido [Fungi],247;180;127;50;215;134;199
33312,Sporulo defenso [Fungi],161;72;91;146;169;191;63
25124,Energo caeruleo [Fungi],251;110;34;166;13;64;24
41515,Defenso energo [Bacteria],11;186;147;78;58;175;222;255
41516,Energo virido [Bacteria],220;203;87;50;58;65;176;76
16942,Defenso virido [Bacteria],220;106;154;50;58;67;113;255
41520,Senecto defenso [Fungi],160;223;120;131;111;200;3
33339,Sporulo rubra [Fungi],100;190;9;28;163;214;34
41533,Rubra caeruleo [Fungi],163;196;255;202;150;235;154
33366,Defenso rubra [Fungi],227;180;32;111;220;248;254
33369,Virido defenso [Protozoa],210;224;174;249;220;240;228;52
16990,Sporulo rubra [Fungi],119;148;71;102;167;184;184
41567,Energo rubra [Fungi],241;160;16;213;183;83;209
617,Defenso photosyntho [Algae],180;200;50;172;50;40;201
25214,Senecto virido [Fungi],144;223;92;30;169;200;179
8851,Rubra defenso [Bacteria],220;104;254;164;46;67;240;10
33437,Defenso caeruleo [Fungi],189;160;163;125;8;103;246
33438,Defenso caeruleo [Bacteria],220;120;193;169;58;96;113;255
25253,Energo caeruleo [Fungi],227;182;101;138;3;141;36
41638,Energo caeruleo [Fungi],247;167;224;201;116;137;201
17065,Energo caeruleo [Fungi],247;247;50;221;23;184;201
33452,Caeruleo rubra [Fungi],171;88;21;112;219;213;84
41655,Energo virido [Fungi],232;70;152;40;179;200;142
33468,Sporulo senecto [Fungi],160;104;219;167;177;237;154
41661,Energo rubra [Fungi],241;180;89;180;126;186;192
41660,Senecto virido [Fungi],229;254;235;75;126;104;160
25311,Defenso energo [Bacteria],11;120;74;175;134;175;107;255
41703,Energo rubra [Fungi],222;110;16;191;126;213;89
41705,Senecto defenso [Fungi],119;228;134;166;178;221;105
41708,Senecto sporulo [Fungi],168;180;103;159;112;38;122
25340,Sporulo virido [Fungi],123;214;223;17;100;227;163
25347,Sporulo caeruleo [Fungi],140;153;156;79;10;219;145
41732,Rubra caeruleo [Fungi],129;217;249;145;42;188;187
41744,Senecto defenso [Fungi],175;243;146;173;122;182;72
25368,Defenso celer [Bacteria],220;120;54;232;58;33;240;255
17186,Rubra caeruleo [Fungi],242;81;247;50;21;134;137
25379,Sporulo virido [Fungi],234;162;58;51;227;244;227
17191,Caeruleo rubra [Fungi],103;76;47;148;201;197;48
9002,Senecto defenso [Fungi],137;241;203;133;91;150;29
9006,Defenso senecto [Fungi],251;99;120;166;108;159;253
41784,Caeruleo energo [Fungi],35;182;172;158;252;205;204
9024,Virido caeruleo [Fungi],204;152;15;236;0;111;204
25417,Rubra virido [Fungi],103;217;250;2;201;138;11
41805,Defenso senecto [Fungi],101;21;92;88;230;151;247
17232,Defenso energo [Fungi],41;191;149;108;89;200;228
9048,Defenso caeruleo [Bacteria],220;80;154;163;58;175;173;255
33638,Sporulo virido [Fungi],149;216;106;46;157;227;100
41830,Defenso virido [Fungi],153;180;120;50;85;200;234
41870,Sporulo rubra [Fungi],167;210;72;168;186;247;142
9117,Sporulo caeruleo [Fungi],204;65;15;194;0;244;155
41887,Sporulo defenso [Fungi],218;180;91;19;52;255;2
41890,Defenso caeruleo [Fungi],160;196;164;43;16;200;235
25524,Sporulo caeruleo [Fungi],69;154;186;155;39;239;181
25566,Defenso virido [Bacteria],78;120;177;33;57;175;140;183
41955,Energo senecto [Fungi],229;3;194;176;221;39;32
17383,Senecto virido [Fungi],232;233;211;60;214;149;141
33767,Senecto virido [Fungi],137;241;203;4;91;189;28
33781,Senecto rubra [Fungi],210;229;46;129;70;149;108
33787,Rubra virido [Fungi],211;229;245;21;65;149;171
41984,Energo defenso [Fungi],242;112;19;132;170;187;17
25606,Defenso sporulo [Fungi],145;210;166;212;108;89;215
41994,Rubra caeruleo [Fungi],77;197;245;179;21;92;93
42007,Rubra virido [Fungi],232;197;240;16;144;200;33
33817,Sporulo caeruleo [Fungi],148;145;184;101;98;253;197
42021,Virido rubra [Fungi],108;221;15;241;47;209;229
42023,Senecto rubra [Fungi],232;253;120;209;220;184;252
42026,Rubra virido [Fungi],219;88;221;33;207;190;148
9260,Virido defenso [Fungi],154;180;120;206;179;96;68
33843,Defenso caeruleo [Fungi],76;206;172;51;42;188;239
17466,Energo senecto [Fungi],241;54;197;163;183;241;65
17476,Sporulo caeruleo [Fungi],227;180;186;141;122;248;135
17478,Defenso virido [Bacteria],220;204;154;137;191;159;240;255
33864,Caeruleo sporulo [Fungi],146;60;165;109;247;56;93
42070,Sporulo senecto [Fungi],145;27;235;203;124;236;210
25694,Energo virido [Fungi],183;171;147;82;125;120;83
9314,Energo virido [Fungi],251;166;120;2;13;122;96
33909,Rubra caeruleo [Fungi],198;223;238;148;36;222;113
33927,Sporulo energo [Fungi],92;180;105;180;117;195;148
42135,Aggresso caeruleo [Bacteria],220;204;154;195;58;80;240;211
42142,Sporulo virido [Fungi],191;91;25;3;182;219;161
42146,Senecto defenso [Fungi],115;254;114;133;112;189;29
42149,Senecto defenso [Fungi],117;241;139;133;198;124;68
42157,Senecto caeruleo [Fungi],158;255;159;75;63;146;87
17586,Aggresso virido [Bacteria],162;120;154;33;124;175;240;193
1204,Aggresso virido [Protozoa],174;140;207;38;220;240;240;128
33975,Caeruleo defenso [Fungi],182;84;55;76;219;213;26
42167,Defenso celer [Bacteria],181;134;154;154;254;86;240;255
42181,Celer virido [Bacteria],159;176;154;50;58;231;220;152
33996,Energo virido [Fungi],231;170;211;17;163;180;76
42191,Defenso virido [Fungi],240;246;244;109;121;215;254
33999,Rubra virido [Bacteria],220;233;255;12;149;88;197;34
17627,Defenso caeruleo [Fungi],240;217;78;24;12;201;254
34014,Caeruleo defenso [Fungi],201;164;222;37;251;193;35
25826,Rubra defenso [Fungi],132;91;241;151;126;235;80
17637,Senecto defenso [Fungi],93;237;152;121;220;225;3
42213,Rubra caeruleo [Fungi],241;227;243;161;23;83;140
9448,Defenso virido [Fungi],183;153;81;73;166;200;204
42217,Energo virido [Fungi],241;181;50;9;174;224;104
1258,Sporulo defenso [Fungi],30;28;43;85;61;112;2
42224,Energo sporulo [Fungi],247;242;152;133;183;6;239
25841,Defenso energo [Fungi],96;180;120;131;204;200;242
17651,Defenso virido [Bacteria],149;245;77;50;58;67;240;255
9461,Defenso virido [Bacteria],220;120;154;12;236;175;158;255
42235,Sporulo defenso [Fungi],143;186;147;158;99;244;83
42237,Senecto virido [Fungi],67;186;147;7;99;42;83
34063,Sporulo virido [Fungi],204;198;202;158;224;244;204
25888,Sporulo virido [Fungi],138;182;172;125;175;226;204
42274,Virido defenso [Fungi],216;180;172;219;6;202;3
34083,Senecto energo [Fungi],26;248;129;174;225;213;89
34085,Energo rubra [Fungi],194;154;15;120;150;182;98
17702,Energo caeruleo [Fungi],242;44;239;50;12;134;75
17706,Defenso virido [Fungi],192;180;78;24;51;201;209
25902,Rubra defenso [Fungi],212;207;245;79;211;219;24
42298,Caeruleo energo [Fungi],76;191;172;142;227;188;126
25947,Rubra defenso [Fungi],216;180;246;217;202;222;119
25955,Defenso virido [Bacteria],99;176;133;50;58;175;188;255
42349,Defenso virido [Bacteria],84;110;228;50;129;175;149;255
9582,Energo rubra [Fungi],239;215;9;236;30;226;17
17788,Senecto rubra [Fungi],141;251;94;241;149;185;146
42368,Defenso sporulo [Fungi],160;190;32;69;81;20;232
42375,Energo defenso [Fungi],247;175;114;114;19;189;3
42377,Sporulo rubra [Fungi],192;72;27;92;85;240;94
42399,Caeruleo sporulo [Fungi],233;180;144;190;246;28;85
17827,Defenso virido [Protozoa],210;226;130;67;154;114;240;247
34215,Defenso virido [Bacteria],220;115;154;33;58;143;142;255
42413,Sporulo caeruleo [Fungi],219;180;101;136;86;244;209
34229,Energo rubra [Fungi],241;180;105;220;117;195;219
26038,Energo caeruleo [Fungi],230;180;169;50;3;219;64
9659,Energo caeruleo [Fungi],227;211;186;124;42;162;136
26044,Defenso rubra [Fungi],47;140;13;82;163;157;217
42438,Sporulo caeruleo [Fungi],187;90;38;50;31;228;177
26055,Senecto celer [Protozoa],139;240;119;50;134;132;49;157
17864,Sporulo defenso [Fungi],154;121;89;197;109;200;63
9675,Energo virido [Fungi],241;180;24;9;18;202;104
26059,Senecto energo [Fungi],73;242;151;131;106;223;225
26063,Sporulo rubra [Fungi],63;99;32;37;120;224;86
17876,Caeruleo senecto [Fungi],133;12;69;158;175;141;106
17895,Rubra defenso [Fungi],126;180;224;50;152;137;11
34280,Sporulo defenso [Fungi],213;248;25;128;46;254;3
34283,Senecto rubra [Fungi],182;249;91;142;132;170;172
42487,Energo defenso [Fungi],223;184;166;75;197;89;16
26117,Senecto caeruleo [Fungi],164;246;158;119;93;200;185
34323,Sporulo rubra [Fungi],85;180;55;159;131;208;135
42525,Caeruleo defenso [Fungi],184;180;193;156;210;93;48
42532,Virido rubra [Fungi],161;153;28;192;67;135;175
42541,Defenso caeruleo [Fungi],226;175;120;134;38;155;247
26161,Aggresso caeruleo [Bacteria],111;82;159;189;58;160;240;162
34362,Sporulo caeruleo [Fungi],129;163;166;68;37;251;94
17993,Energo defenso [Fungi],251;163;144;98;248;159;94
42579,Caeruleo defenso [Fungi],241;178;204;180;249;176;168
26197,Senecto caeruleo [Protozoa],139;241;119;50;19;240;99;157
26208,Energo rubra [Fungi],247;224;98;228;134;198;163
42600,Caeruleo rubra [Fungi],140;180;4;161;219;83;112
1642,Caeruleo virido [Fungi],160;77;112;50;220;167;59
42605,Energo rubra [Fungi],241;235;24;158;110;224;197
9843,Rubra virido [Protozoa],96;130;247;60;220;234;240;128
42614,Sporulo defenso [Fungi],151;192;135;79;205;219;0
42625,Energo sporulo [Fungi],241;84;165;160;163;83;84
42634,Senecto caeruleo [Fungi],245;250;152;194;118;159;231
34444,Energo caeruleo [Fungi],242;115;57;50;21;134;124
34446,Sporulo virido [Fungi],163;114;149;44;129;200;173
1690,Virido caeruleo [Fungi],223;66;161;253;25;200;165
34469,Defenso caeruleo [Bacteria],102;107;154;146;58;175;137;226
42691,Rubra energo [Fungi],63;157;187;67;135;183;104
42694,Caeruleo virido [Fungi],198;224;110;20;249;40;45
9950,Celer aggresso [Protozoa],210;140;197;50;204;43;224;128
9955,Rubra caeruleo [Fungi],97;118;214;170;69;200;197
26341,Energo sporulo [Fungi],219;45;162;151;68;18;46
34554,Rubra energo [Fungi],93;155;245;194;187;155;234
42757,Defenso virido [Bacteria],220;233;134;50;158;175;253;255
34587,Sporulo defenso [Fungi],242;81;249;51;193;254;34
18209,Rubra defenso [Fungi],227;228;249;126;175;248;111
10030,Senecto virido [Protozoa],210;247;170;46;124;55;240;128
42800,Energo celer [Bacteria],220;202;176;170;107;11;59;109
26435,Caeruleo aggresso [Bacteria],203;240;73;101;253;175;11;36
42825,Energo virido [Fungi],241;197;105;79;117;194;219
42829,Virido rubra [Fungi],121;180;13;241;21;204;124
26451,Defenso energo [Bacteria],4;161;177;38;124;175;240;255
34647,Caeruleo rubra [Fungi],219;216;24;151;229;170;63
26456,Senecto virido [Fungi],115;242;179;108;238;221;205
42843,Sporulo caeruleo [Fungi],129;104;166;183;92;251;102
26460,Energo defenso [Fungi],231;127;214;111;193;160;56
18269,Sporulo caeruleo [Fungi],167;214;58;94;43;244;185
26463,Energo virido [Fungi],231;127;91;21;145;160;191
34659,Defenso virido [Bacteria],220;245;77;50;58;73;240;251
18276,Defenso energo [Bacteria],56;120;154;142;58;175;217;245
26470,Virido celer [Protozoa],151;165;50;249;108;240;41;47
26477,Defenso caeruleo [Bacteria],210;120;176;115;58;166;184;255
34676,Senecto virido [Fungi],154;180;117;50;71;62;116
42887,Caeruleo virido [Fungi],190;181;120;50;226;200;94
10128,Caeruleo rubra [Fungi],126;146;120;203;220;214;173
18324,Sporulo defenso [Fungi],192;204;242;88;230;254;42
42903,Defenso caeruleo [Fungi],138;180;249;50;3;161;253
42905,Caeruleo virido [Fungi],175;121;169;16;229;200;33
42915,Defenso caeruleo [Fungi],93;155;119;204;64;155;221
42917,Aggresso virido [Bacteria],220;177;154;33;39;239;253;246
42954,Caeruleo virido [Fungi],183;179;199;55;227;136;227
10186,Caeruleo defenso [Fungi],149;108;192;120;219;186;107
34774,Senecto virido [Fungi],119;224;148;30;67;200;98
42966,Sporulo virido [Fungi],160;243;43;1;135;251;144
26590,Energo caeruleo [Fungi],209;128;113;114;19;189;102
42975,Sporulo virido [Fungi],137;165;227;50;243;246;50
42994,Energo rubra [Fungi],241;88;47;76;236;186;197
43004,Defenso rubra [Fungi],200;220;1;114;183;107;233
10244,Virido caeruleo [Fungi],199;222;84;251;16;22;224
43013,Energo caeruleo [Fungi],247;220;170;114;19;103;113
10258,Sporulo rubra [Fungi],227;180;78;158;220;242;135
26642,Sporulo virido [Fungi],79;108;147;61;82;231;204
43031,Aggresso virido [Bacteria],162;120;177;33;138;175;240;182
34840,Sporulo rubra [Fungi],181;119;7;64;37;251;62
18463,Defenso virido [Bacteria],203;120;151;33;58;211;140;255
43044,Defenso caeruleo [Fungi],164;160;195;177;3;40;238
10284,Virido rubra [Fungi],175;121;45;216;58;200;154
43078,Sporulo caeruleo [Fungi],178;214;123;171;63;219;99
26696,Energo defenso [Fungi],199;140;78;120;166;193;20
43094,Energo caeruleo [Fungi],199;180;162;131;43;197;127
34911,Defenso virido [Bacteria],220;193;154;4;42;89;240;255
43119,Virido caeruleo [Fungi],160;148;111;221;81;157;192
10386,Rubra virido [Fungi],80;104;246;67;177;167;86
43155,Sporulo energo [Fungi],48;232;99;206;86;255;217
43165,Defenso rubra [Fungi],26;164;15;198;205;150;229
34977,Senecto virido [Fungi],114;214;123;50;99;53;152
34985,Sporulo defenso [Fungi],210;158;99;102;114;255;39
10410,Senecto caeruleo [Fungi],205;250;209;201;21;149;157
43199,Energo rubra [Fungi],239;52;40;134;42;90;134
2242,Caeruleo senecto [Fungi],205;77;120;224;241;122;102
43206,Energo caeruleo [Fungi],217;173;74;148;0;83;181
35023,Caeruleo defenso [Fungi],216;160;200;179;220;202;149
43215,Virido rubra [Fungi],209;180;13;241;56;176;91
43216,Senecto rubra [Fungi],221;253;48;81;171;99;81
18647,Senecto rubra [Fungi],149;251;78;120;201;193;107
10468,Energo defenso [Fungi],247;68;157;146;91;143;29
43236,Defenso caeruleo [Bacteria],141;238;176;125;26;45;240;255
43238,Sporulo defenso [Fungi],119;148;87;111;35;255;20
43241,Defenso energo [Fungi],2;171;183;137;103;118;204
10476,Caeruleo energo [Fungi],73;182;172;158;217;196;204
35055,Senecto caeruleo [Fungi],33;182;101;158;3;141;161
43248,Sporulo rubra [Fungi],212;207;50;79;195;219;135
18675,Senecto rubra [Fungi],161;220;6;204;169;191;67
35061,Energo rubra [Fungi],231;193;24;147;141;214;140
43273,Sporulo energo [Fungi],95;182;124;167;135;251;206
35095,Virido defenso [Fungi],216;180;216;236;117;202;17
35098,Energo virido [Bacteria],234;176;69;50;124;175;224;164
35101,Virido rubra [Fungi],160;233;84;251;158;113;248
35110,Senecto sporulo [Fungi],216;249;83;63;202;51;221
35113,Sporulo rubra [Fungi],135;211;32;125;183;241;62
43312,Senecto virido [Fungi],127;253;227;18;220;90;105
18737,Energo caeruleo [Fungi],204;186;175;173;0;30;204
35161,Energo caeruleo [Fungi],201;134;159;94;40;193;165
26976,Defenso caeruleo [Bacteria],216;48;254;50;21;175;203;255
43361,Sporulo caeruleo [Fungi],204;139;168;158;29;205;204
43367,Caeruleo sporulo [Fungi],106;158;121;236;249;14;232
43368,Sporulo defenso [Fungi],149;250;98;88;140;254;42
26993,Energo defenso [Fungi],240;131;120;231;64;128;22
35191,Senecto caeruleo [Fungi],131;216;179;50;44;154;96
10633,Caeruleo rubra [Fungi],126;146;120;134;209;130;189
10644,Virido caeruleo [Fungi],165;131;26;213;6;186;77
10650,Sporulo caeruleo [Fungi],148;171;170;114;50;200;63
43418,Sporulo defenso [Fungi],161;162;153;68;41;191;7
35231,Rubra caeruleo [Fungi],204;186;253;173;90;244;204
43447,Caeruleo defenso [Fungi],156;207;120;53;247;227;46
2491,Defenso virido [Bacteria],220;120;154;50;58;175;240;255
35259,Sporulo defenso [Fungi],160;243;124;1;138;251;0
43454,Defenso caeruleo [Bacteria],78;120;226;166;28;48;140;255
27071,Energo virido [Fungi],237;180;111;51;217;141;135
18880,Energo caeruleo [Fungi],242;81;188;50;12;134;93
27079,Energo rubra [Fungi],244;153;62;158;166;226;161
43470,Sporulo caeruleo [Fungi],231;242;243;180;13;244;137
27093,Energo defenso [Fungi],242;214;144;50;195;161;22
18906,Caeruleo defenso [Fungi],150;205;200;151;220;206;22
18917,Energo sporulo [Fungi],240;77;3;228;176;2;101
43497,Defenso caeruleo [Fungi],160;145;35;94;16;169;243
43500,Defenso energo [Fungi],12;159;13;41;163;127;198
35313,Energo virido [Fungi],251;91;76;63;202;137;87
18934,Senecto rubra [Protozoa],161;247;50;243;161;55;240;128
27127,Rubra defenso [Fungi],216;180;246;201;220;222;119
43512,Sporulo caeruleo [Fungi],76;176;35;33;14;198;31
27131,Senecto energo [Fungi],48;195;60;149;135;189;130
27137,Energo rubra [Fungi],232;147;78;180;186;200;142
43521,Energo virido [Fungi],195;186;176;62;177;140;90
27139,Energo senecto [Fungi],241;180;211;180;181;195;228
27152,Sporulo caeruleo [Fungi],126;123;186;154;120;253;246
43539,Virido defenso [Fungi],119;148;50;207;163;200;20
43549,Rubra virido [Bacteria],148;230;242;50;208;121;240;54
43551,Energo virido [Fungi],251;207;186;137;198;179;198
43553,Senecto virido [Fungi],96;228;142;75;178;226;99
18978,Senecto virido [Fungi],205;255;118;37;42;254;134
43564,Sporulo rubra [Fungi],154;224;10;42;196;225;53
43570,Energo caeruleo [Fungi],251;207;202;127;100;227;128
18997,Energo senecto [Fungi],235;0;155;145;221;197;70
43576,Defenso energo [Bacteria],82;110;226;108;165;229;253;255
43586,Sporulo senecto [Fungi],225;128;155;229;164;249;154
2628,Celer defenso [Protozoa],210;226;130;89;90;114;240;7
19014,Energo rubra [Fungi],247;148;2;146;89;184;82
43592,Energo caeruleo [Fungi],201;148;87;82;40;143;165
27216,Sporulo virido [Fungi],151;153;25;10;28;189;77
43603,Sporulo caeruleo [Fungi],138;117;157;240;93;253;222
43605,Virido rubra [Fungi],119;148;95;222;187;188;198
2650,Caeruleo defenso [Fungi],160;180;113;182;216;39;8
43613,Sporulo defenso [Fungi],164;40;210;30;8;231;3
19047,Defenso aggresso [Bacteria],44;106;149;19;43;220;13;255
43633,Rubra defenso [Fungi],149;153;245;45;211;219;24
27252,Sporulo rubra [Fungi],106;217;37;148;79;218;202
35459,Sporulo caeruleo [Fungi],192;180;13;63;4;201;197
35474,Defenso virido [Bacteria],220;209;168;6;58;46;108;255
35476,Rubra sporulo [Fungi],232;108;254;67;74;16;250
10910,Senecto defenso [Fungi],221;253;120;81;208;169;53
43678,Energo defenso [Fungi],236;103;186;225;130;108;7
43687,Senecto defenso [Fungi],155;245;169;174;89;244;1
35516,Energo defenso [Fungi],232;214;120;50;220;106;47
27326,Sporulo defenso [Fungi],111;128;124;149;238;251;102
27329,Defenso virido [Bacteria],220;80;154;12;236;169;222;255
35533,Sporulo defenso [Fungi],213;248;25;107;46;254;21
35562,Energo rubra [Fungi],229;214;23;166;31;136;99
43756,Defenso virido [Bacteria],220;231;100;12;236;160;222;255
35575,Defenso energo [Bacteria],30;254;154;140;187;175;237;255
43768,Energo virido [Fungi],241;229;237;74;156;241;157
43782,Virido sporulo [Fungi],73;147;73;229;100;19;84
35603,Sporulo caeruleo [Fungi],184;193;138;172;103;250;110
19221,Virido caeruleo [Fungi],110;182;163;184;22;135;43
35606,Energo defenso [Fungi],251;214;47;117;100;95;23
27415,Energo senecto [Fungi],221;90;150;104;119;97;203
35605,Senecto rubra [Fungi],31;209;25;35;52;103;116
19225,Sporulo energo [Fungi],71;175;189;89;181;244;106
43804,Caeruleo defenso [Fungi],201;164;102;37;251;193;35
43805,Virido defenso [Protozoa],187;224;247;249;128;240;240;12
27429,Aggresso celer [Bacteria],147;120;229;50;58;23;240;217
11046,Virido caeruleo [Fungi],204;208;197;209;124;200;200
43815,Sporulo rubra [Fungi],204;186;47;173;229;244;204
43824,Energo defenso [Fungi],232;224;120;208;220;106;96
11064,Energo caeruleo [Fungi],219;215;170;151;46;151;141
35661,Aggresso caeruleo [Bacteria],220;142;176;50;7;98;240;141
35672,Sporulo rubra [Fungi],204;181;47;99;229;244;204
11097,Virido rubra [Protozoa],210;224;50;249;239;240;240;52
19297,Virido energo [Protozoa],15;183;50;251;220;236;78;64
43890,Sporulo defenso [Fungi],184;101;113;183;56;215;45
43895,Senecto caeruleo [Fungi],231;239;24;117;13;98;137
35706,Energo caeruleo [Fungi],230;190;176;109;21;149;73
43917,Energo caeruleo [Fungi],230;54;173;108;35;149;76
43919,Virido defenso [Fungi],163;79;120;246;101;233;50
43926,Senecto caeruleo [Fungi],205;230;118;188;67;102;203
27551,Senecto caeruleo [Fungi],228;239;118;188;42;102;134
19360,Energo rubra [Fungi],247;247;13;188;238;236;32
43935,Caeruleo defenso [Fungi],219;127;214;168;221;214;75
19364,Sporulo caeruleo [Fungi],151;153;156;176;28;200;104
43940,Energo senecto [Fungi],233;88;120;147;101;233;201
43951,Caeruleo virido [Fungi],172;145;127;8;238;64;56
35761,Rubra virido [Fungi],205;99;245;37;64;224;171
43953,Sporulo rubra [Fungi],63;40;24;213;183;241;185
19383,Senecto caeruleo [Fungi],200;230;59;149;6;134;194
43964,Rubra caeruleo [Fungi],219;216;230;42;9;224;207
35772,Sporulo defenso [Fungi],130;88;55;76;57;178;26
43970,Energo rubra [Fungi],241;180;24;66;194;224;71
43972,Celer energo [Bacteria],14;92;152;50;37;244;240;217
43976,Defenso rubra [Bacteria],203;185;20;195;35;119;173;255
43980,Rubra aggresso [Bacteria],54;153;249;101;211;248;11;136
35789,Energo virido [Fungi],195;186;176;62;195;140;72
43984,Defenso virido [Fungi],108;153;147;93;149;200;252
43988,Sporulo caeruleo [Fungi],155;108;116;51;39;180;91
43993,Virido rubra [Fungi],76;92;64;230;125;177;180
19420,Defenso caeruleo [Fungi],72;206;161;82;51;213;229
43996,Virido defenso [Fungi],117;95;111;199;195;159;64
27619,Defenso caeruleo [Bacteria],211;185;144;62;21;175;216;255
3043,Defenso caeruleo [Fungi],132;180;78;50;42;160;222
35817,Energo virido [Fungi],244;242;151;51;52;62;56
44009,Energo defenso [Fungi],207;182;100;178;155;126;33
35837,Virido defenso [Fungi],207;27;148;230;172;214;9
27646,Caeruleo defenso [Fungi],241;180;207;207;242;188;48
44038,Energo rubra [Fungi],241;190;22;101;169;200;165
35848,Sporulo defenso [Fungi],139;171;99;158;125;244;83
27658,Energo virido [Fungi],241;237;153;26;125;212;32
19486,Rubra defenso [Fungi],212;207;245;181;211;109;24
27693,Senecto rubra [Fungi],219;242;173;192;238;221;181
19505,Rubra defenso [Protozoa],170;226;251;246;169;141;211;128
11320,Virido energo [Fungi],108;218;120;241;149;239;212
35906,Virido rubra [Fungi],108;221;15;241;205;150;229
44108,Virido caeruleo [Fungi],240;217;156;242;30;123;52
35919,Defenso virido [Bacteria],220;120;154;24;140;194;182;255
35920,Defenso rubra [Fungi],240;233;33;239;176;215;251
35922,Senecto rubra [Fungi],229;251;15;204;220;185;34
44115,Aggresso rubra [Protozoa],150;224;22;216;220;240;220;128
35927,Defenso rubra [Fungi],200;81;74;177;118;159;203
44127,Defenso caeruleo [Fungi],207;217;235;141;45;210;236
44129,Senecto caeruleo [Fungi],233;239;185;153;59;186;86
35943,Sporulo rubra [Fungi],227;176;40;203;42;248;58
35955,Sporulo senecto [Fungi],76;38;123;148;187;219;176
44154,Energo virido [Fungi],240;154;101;8;235;141;24
44194,Senecto rubra [Fungi],102;245;83;174;181;244;106
19624,Senecto aggresso [Protozoa],210;245;46;161;220;4;76;11
36013,Caeruleo defenso [Fungi],72;50;173;109;236;149;32
44207,Sporulo caeruleo [Fungi],160;123;111;185;20;189;188
36016,Virido senecto [Fungi],160;47;120;222;187;188;198
27845,Defenso caeruleo [Fungi],129;163;166;64;37;116;236
44237,Rubra caeruleo [Fungi],48;119;246;59;18;204;102
44242,Defenso caeruleo [Fungi],160;191;148;55;16;200;248
44244,Sporulo rubra [Fungi],95;129;14;42;200;239;181
44248,Sporulo defenso [Fungi],130;130;119;143;181;200;106
27866,Energo virido [Fungi],247;180;120;50;215;134;124
44252,Senecto rubra [Fungi],166;204;23;166;110;136;99
36066,Sporulo caeruleo [Fungi],201;213;249;150;46;254;141
44262,Energo virido [Fungi],251;163;116;10;137;137;169
44271,Defenso aggresso [Bacteria],220;228;154;50;21;175;19;255
36091,Senecto rubra [Fungi],231;239;86;205;221;131;191
11521,Senecto rubra [Fungi],129;224;49;109;201;188;187
27918,Sporulo defenso [Fungi],216;110;83;201;123;222;14
36113,Sporulo rubra [Fungi],183;171;99;155;166;186;99
44308,Defenso senecto [Fungi],242;81;249;226;181;219;253
19757,Sporulo caeruleo [Fungi],180;153;168;236;0;244;120
44360,Senecto virido [Fungi],200;211;106;11;183;76;142
19785,Sporulo caeruleo [Fungi],219;216;239;42;11;254;63
44380,Energo virido [Fungi],251;234;120;69;103;190;133
36200,Energo caeruleo [Fungi],200;174;78;80;19;189;102
36203,Virido caeruleo [Fungi],182;180;218;246;9;240;197
44400,Rubra defenso [Fungi],199;210;249;64;106;138;11
44407,Energo virido [Fungi],254;210;221;93;125;165;235
44409,Energo senecto [Fungi],207;42;176;48;45;147;50
36222,Energo rubra [Fungi],247;175;50;114;96;184;102
36240,Rubra virido [Fungi],212;153;245;53;211;201;180
19872,Sporulo caeruleo [Fungi],119;148;50;41;4;200;174
44459,Senecto caeruleo [Fungi],195;253;177;184;153;219;189
36275,Senecto virido [Fungi],112;190;166;9;12;157;34
28094,Defenso senecto [Fungi],76;38;128;203;187;198;230
44481,Senecto caeruleo [Fungi],205;255;118;188;42;67;198
44483,Energo virido [Fungi],241;180;24;9;113;36;102
44484,Sporulo virido [Fungi],189;132;163;120;188;251;190
36293,Senecto virido [Fungi],221;252;120;19;64;233;135
44490,Defenso caeruleo [Fungi],90;180;24;50;21;199;219
11724,Caeruleo energo [Fungi],108;121;202;216;229;199;154
19921,Defenso caeruleo [Fungi],182;180;186;213;6;200;239
19931,Senecto caeruleo [Fungi],117;180;58;110;11;11;129
44509,Sporulo caeruleo [Fungi],172;168;145;92;20;220;188
44527,Virido defenso [Fungi],129;241;188;242;240;184;29
28144,Rubra virido [Fungi],161;68;244;0;107;206;121
44529,Defenso energo [Fungi],68;190;167;210;145;214;246
3571,Energo defenso [Fungi],251;180;24;50;124;109;3
44536,Sporulo defenso [Fungi],203;99;221;29;64;224;4
36345,Energo defenso [Fungi],213;178;98;123;146;131;8
44558,Energo virido [Fungi],247;247;153;9;231;236;29
28177,Senecto rubra [Fungi],205;255;16;19;42;134;242
44580,Defenso aggresso [Bacteria],211;131;77;179;58;67;49;255
11814,Energo caeruleo [Fungi],251;99;161;166;13;122;96
28199,Energo defenso [Fungi],245;216;50;221;89;58;29
28215,Energo caeruleo [Fungi],249;86;228;125;82;231;238
44599,Senecto virido [Fungi],114;245;120;16;139;200;79
44628,Caeruleo defenso [Fungi],207;180;129;50;253;248;41
36443,Sporulo energo [Fungi],75;148;111;206;86;255;254
36454,Sporulo virido [Fungi],212;110;99;6;31;228;177
44653,Energo rubra [Fungi],229;142;34;69;107;46;99
44654,Rubra virido [Fungi],95;88;221;42;207;190;187
11887,Senecto sporulo [Fungi],238;251;120;138;149;73;146
44664,Senecto caeruleo [Fungi],205;255;112;188;65;254;99
44668,Sporulo virido [Fungi],114;132;188;5;122;197;176
36481,Sporulo defenso [Fungi],244;123;97;206;241;253;69
28300,Energo defenso [Fungi],251;180;116;237;131;200;86
44692,Energo defenso [Fungi],131;115;115;129;95;93;41
36501,Senecto caeruleo [Fungi],124;253;47;148;8;197;48
20119,Senecto energo [Fungi],64;242;172;69;126;149;225
11937,Sporulo defenso [Fungi],92;142;106;139;122;204;20
20138,Senecto caeruleo [Fungi],230;250;137;192;21;149;102
3755,Sporulo virido [Fungi],132;180;186;26;220;248;135
36528,Senecto rubra [Fungi],143;253;48;50;174;244;161
44720,Energo defenso [Fungi],247;224;61;91;134;186;8
11961,Sporulo virido [Fungi],85;95;244;43;61;253;43
36543,Sporulo virido [Fungi],227;228;81;18;175;248;135
44746,Virido rubra [Fungi],102;213;44;222;92;55;62
44747,Senecto defenso [Fungi],181;213;22;149;37;55;16
28366,Sporulo senecto [Fungi],76;38;61;153;187;198;139
44759,Sporulo virido [Fungi],160;213;141;42;82;231;139
36575,Senecto caeruleo [Fungi],164;248;228;125;8;40;238
44768,Senecto sporulo [Fungi],216;225;80;149;141;51;221
44772,Sporulo caeruleo [Fungi],92;211;106;63;14;249;152
20197,Defenso rubra [Fungi],160;221;13;82;163;157;229
20214,Defenso caeruleo [Bacteria],220;80;154;50;20;172;173;255
20218,Defenso caeruleo [Fungi],81;12;226;63;9;126;249
28413,Senecto virido [Fungi],221;252;120;81;115;113;100
36614,Defenso virido [Bacteria],220;152;121;50;246;166;184;255
36616,Rubra senecto [Fungi],205;19;247;228;247;113;245
36619,Senecto rubra [Fungi],231;251;78;120;118;104;107
20240,Energo rubra [Fungi],241;180;24;167;204;224;122
44821,Caeruleo defenso [Fungi],175;176;28;102;247;219;22
36637,Aggresso caeruleo [Bacteria],81;120;61;232;58;175;240;209
44834,Senecto rubra [Fungi],103;217;24;109;116;188;187
3877,Sporulo senecto [Fungi],171;28;87;211;204;249;83
44843,Energo caeruleo [Fungi],255;192;105;151;10;254;141
36652,Energo rubra [Fungi],218;147;72;216;186;200;142
20269,Sporulo caeruleo [Fungi],79;154;192;158;74;235;98
44858,Senecto virido [Fungi],143;236;176;0;126;114;33
44863,Senecto rubra [Fungi],174;190;22;101;169;126;165
44868,Sporulo energo [Fungi],62;173;132;115;124;254;205
28485,Senecto virido [Protozoa],210;247;234;38;220;81;134;40
20293,Senecto defenso [Fungi],79;223;25;194;111;200;3
44879,Defenso caeruleo [Fungi],76;154;194;203;28;236;250
36699,Defenso rubra [Bacteria],156;182;1;95;44;175;213;255
20316,Virido caeruleo [Fungi],182;180;55;246;9;186;197
36703,Energo defenso [Fungi],247;247;50;64;38;114;1
20322,Sporulo defenso [Fungi],119;224;194;172;150;255;45
44900,Energo virido [Fungi],235;180;207;28;123;179;48
28527,Virido rubra [Fungi],241;180;4;252;219;224;197
36726,Senecto virido [Fungi],30;176;174;15;100;144;141
44920,Sporulo caeruleo [Fungi],205;214;169;241;8;244;106
44922,Virido caeruleo [Fungi],16;99;101;129;3;97;126
44924,Energo virido [Fungi],251;207;202;36;100;227;128
36734,Energo rubra [Fungi],247;220;11;109;61;236;32
36737,Virido rubra [Fungi],116;177;29;216;134;165;83
36739,Energo rubra [Fungi],241;211;32;239;134;210;209
44940,Virido sporulo [Fungi],153;129;170;206;157;9;67
44956,Rubra virido [Fungi],194;154;255;120;120;235;154
44958,Rubra senecto [Fungi],194;36;255;120;233;235;154
28585,Energo defenso [Fungi],241;180;57;67;236;186;47
36785,Senecto virido [Fungi],232;253;79;4;49;116;53
28593,Virido defenso [Fungi],64;85;67;221;39;189;29
28601,Energo virido [Fungi],205;173;132;115;191;130;200
36794,Virido rubra [Fungi],129;241;50;242;76;184;97
45000,Sporulo energo [Fungi],6;91;195;188;38;219;150
45024,Virido defenso [Fungi],225;112;161;232;216;195;86
45033,Senecto rubra [Fungi],160;254;96;149;218;189;130
36855,Senecto virido [Bacteria],78;241;75;33;153;175;240;172
36861,Virido energo [Fungi],65;207;94;248;176;146;231
36885,Senecto defenso [Fungi],245;250;137;109;21;67;0
28693,Virido energo [Fungi],19;27;216;230;172;172;48
4131,Energo rubra [Fungi],245;148;71;131;121;200;161
4133,Rubra defenso [Fungi],160;135;217;179;148;60;3
45094,Virido senecto [Fungi],85;81;243;252;193;240;186
20521,Energo rubra [Fungi],247;172;12;53;21;92;164
45105,Defenso rubra [Fungi],154;224;9;139;196;225;240
28722,Energo senecto [Fungi],232;23;184;152;169;26;195
36926,Rubra defenso [Fungi],250;88;253;214;181;180;78
4158,Defenso rubra [Fungi],126;232;59;230;118;232;255
12357,Energo caeruleo [Fungi],216;180;30;179;9;202;34
36936,Sporulo virido [Fungi],77;66;200;59;174;202;149
45146,Virido energo [Fungi],30;88;166;191;45;147;50
45152,Defenso energo [Bacteria],62;186;147;78;229;224;240;255
28769,Sporulo defenso [Fungi],93;99;245;226;64;254;4
28771,Senecto virido [Fungi],150;214;123;50;126;161;119
45156,Rubra virido [Fungi],160;226;240;23;78;156;98
45160,Rubra caeruleo [Fungi],229;154;238;176;28;104;212
45163,Energo caeruleo [Fungi],184;177;161;184;67;123;122
36972,Senecto virido [Fungi],166;168;87;21;70;149;122
36987,Caeruleo virido [Fungi],172;209;184;134;238;218;210
20605,Sporulo virido [Fungi],131;104;58;8;89;136;102
45187,Sporulo senecto [Fungi],155;49;214;212;203;249;62
45210,Rubra defenso [Fungi],78;227;243;161;91;186;26
45217,Defenso caeruleo [Bacteria],252;163;122;50;22;151;234;255
45220,Defenso virido [Bacteria],88;126;77;9;23;106;240;255
45222,Defenso celer [Bacteria],220;235;75;120;58;52;128;255
45227,Defenso caeruleo [Fungi],180;175;168;24;10;52;204
12467,Defenso senecto [Fungi],107;68;120;91;78;125;146
28858,Celer virido [Protozoa],156;140;146;121;220;163;240;175
45246,Energo caeruleo [Fungi],204;186;5;173;0;164;15
20673,Energo caeruleo [Fungi],245;241;104;242;23;58;57
28875,Defenso energo [Bacteria],51;229;154;243;58;68;240;255
45261,Sporulo rubra [Fungi],127;48;9;126;36;185;118
28878,Energo rubra [Fungi],241;88;79;180;149;178;158
45268,Virido defenso [Fungi],213;245;63;250;146;117;8
20703,Sporulo energo [Fungi],53;128;97;248;238;251;102
45280,Sporulo defenso [Fungi],219;135;216;220;71;235;18
37094,Sporulo defenso [Fungi],164;180;144;155;103;200;59
28907,Senecto sporulo [Fungi],160;213;126;98;62;38;204
45291,Defenso celer [Bacteria],78;120;131;208;58;9;240;255
12527,Sporulo senecto [Fungi],123;28;111;48;220;248;62
28912,Senecto defenso [Fungi],227;250;73;214;195;219;31
28916,Sporulo virido [Fungi],163;173;133;17;233;235;98
4343,Virido rubra [Fungi],127;237;120;249;220;143;172
37114,Caeruleo rubra [Fungi],162;74;45;63;219;137;127
37122,Sporulo caeruleo [Fungi],204;181;175;173;120;244;204
20755,Energo rubra [Fungi],253;191;84;145;158;147;203
37146,Senecto defenso [Fungi],186;214;123;50;126;161;22
28957,Energo defenso [Fungi],251;156;202;111;237;223;60
37152,Sporulo rubra [Fungi],67;96;12;53;62;200;35
37153,Energo caeruleo [Fungi],217;161;184;36;18;150;216
45347,Sporulo caeruleo [Fungi],15;190;46;151;10;254;227
37162,Senecto rubra [Protozoa],159;215;55;110;206;200;178;128
20789,Defenso caeruleo [Bacteria],156;154;176;95;44;233;240;255
45368,Energo sporulo [Fungi],251;193;152;224;183;6;110
45375,Energo rubra [Fungi],219;122;41;175;156;151;159
37184,Caeruleo senecto [Fungi],194;51;186;241;253;248;137
37186,Sporulo senecto [Fungi],96;51;133;158;233;235;174
45388,Senecto rubra [Fungi],87;249;5;31;229;200;142
45399,Rubra caeruleo [Fungi],235;55;237;177;41;159;63
45418,Senecto virido [Fungi],251;253;147;41;203;227;196
37236,Defenso aggresso [Bacteria],37;219;215;83;97;62;32;255
45434,Senecto defenso [Fungi],106;239;152;230;103;200;3
29052,Sporulo virido [Fungi],36;129;147;10;166;209;48
45440,Caeruleo rubra [Fungi],241;82;75;153;242;102;139
29071,Sporulo virido [Fungi],131;118;115;50;58;200;98
45456,Caeruleo defenso [Fungi],114;233;169;241;251;250;68
45460,Sporulo rubra [Fungi],116;127;89;168;186;200;142
37270,Energo virido [Fungi],241;180;184;59;98;124;104
29081,Senecto rubra [Fungi],213;254;40;137;126;182;185
29087,Energo defenso [Fungi],241;232;240;196;183;241;122
45472,Defenso caeruleo [Fungi],216;77;83;201;19;203;218
12710,Sporulo energo [Fungi],22;80;120;168;163;214;191
37289,Energo rubra [Fungi],219;210;76;176;164;217;93
20913,Energo rubra [Fungi],241;180;58;180;194;178;237
45501,Energo caeruleo [Fungi],204;71;190;81;0;140;204
20935,Senecto virido [Protozoa],64;255;158;11;50;18;42;222
20943,Senecto defenso [Fungi],117;241;203;133;198;204;29
45524,Energo caeruleo [Fungi],237;180;101;229;86;210;135
37343,Sporulo caeruleo [Fungi],95;88;176;152;45;212;50
20960,Virido energo [Fungi],119;148;234;254;167;140;253
29155,Energo virido [Fungi],201;47;120;37;40;188;154
37356,Rubra caeruleo [Fungi],139;214;224;50;12;178;73
45548,Energo rubra [Fungi],242;214;19;197;103;134;128
12783,Energo rubra [Fungi],241;22;17;167;32;241;122
20977,Defenso energo [Fungi],125;166;177;144;205;191;229
29173,Defenso rubra [Fungi],160;47;35;222;187;221;243
37368,Senecto celer [Protozoa],103;240;119;208;134;240;38;157
45570,Sporulo rubra [Fungi],144;197;118;134;175;240;198
37382,Energo caeruleo [Fungi],240;217;78;130;51;141;209
37383,Defenso aggresso [Bacteria],220;131;115;174;201;175;103;255
37385,Sporulo rubra [Fungi],135;232;75;163;183;241;209
21010,Virido defenso [Fungi],224;190;120;229;129;200;119
45588,Defenso rubra [Fungi],155;125;9;151;163;214;244
45615,Senecto defenso [Fungi],231;233;35;222;63;140;34
4659,Defenso rubra [Algae],147;200;118;200;246;120;250
45634,Sporulo energo [Fungi],10;134;122;102;40;193;165
45641,Senecto rubra [Fungi],204;255;22;180;167;239;210
45649,Rubra senecto [Fungi],181;25;203;130;35;42;196
12882,Sporulo virido [Fungi],200;230;114;35;104;238;133
29266,Senecto virido [Fungi],157;251;78;4;90;159;107
29265,Defenso caeruleo [Fungi],127;50;209;109;21;88;232
45654,Energo virido [Fungi],255;234;148;111;226;254;141
45658,Defenso aggresso [Bacteria],220;185;154;140;129;162;104;255
12899,Defenso caeruleo [Fungi],240;217;52;24;12;248;254
37484,Energo virido [Fungi],251;163;116;10;137;24;94
37490,Sporulo caeruleo [Fungi],151;144;66;79;10;219;201
37500,Energo rubra [Fungi],241;180;101;180;194;178;209
45698,Senecto virido [Fungi],221;253;203;60;208;244;252
45700,Senecto virido [Fungi],232;253;233;81;235;244;252
37510,Sporulo caeruleo [Fungi],145;39;106;170;35;233;35
45708,Senecto sporulo [Fungi],180;243;66;160;122;9;38
45712,Virido caeruleo [Fungi],164;160;159;225;0;7;186
29330,Energo virido [Fungi],251;142;216;50;55;227;151
21145,Virido caeruleo [Fungi],74;180;26;213;6;200;45
45721,Senecto rubra [Fungi],125;253;120;178;153;200;145
45723,Sporulo rubra [Fungi],183;160;99;155;166;186;99
45725,Defenso virido [Bacteria],204;196;154;33;223;175;142;255
45727,Sporulo caeruleo [Fungi],141;180;172;77;42;240;193
45741,Sporulo rubra [Fungi],203;175;90;188;96;236;102
29365,Energo defenso [Fungi],227;104;123;131;99;221;31
45760,Sporulo rubra [Fungi],139;164;15;198;67;241;229
45762,Defenso rubra [Fungi],139;191;15;192;205;150;229
45774,Energo senecto [Fungi],233;88;120;147;115;118;102
13009,Sporulo senecto [Fungi],119;96;99;102;169;200;165
29399,Rubra defenso [Fungi],184;180;213;183;210;180;48
37600,Caeruleo rubra [Fungi],54;163;10;80;214;147;53
37605,Caeruleo defenso [Fungi],207;161;216;223;238;214;12
45798,Energo rubra [Bacteria],220;120;106;211;185;175;198;189
45806,Virido caeruleo [Bacteria],223;181;154;243;58;231;240;242
29424,Virido defenso [Fungi],161;224;97;248;172;172;48
37618,Energo caeruleo [Fungi],242;62;223;196;28;205;239
45810,Rubra senecto [Fungi],41;24;242;153;238;228;44
29435,Senecto defenso [Fungi],163;252;137;182;101;233;53
29447,Caeruleo virido [Fungi],241;229;237;42;242;88;122
45838,Senecto caeruleo [Fungi],53;201;83;135;10;180;31
13080,Energo virido [Fungi],240;68;120;0;107;206;22
45849,Defenso senecto [Bacteria],220;69;154;180;124;175;243;255
45863,Energo sporulo [Fungi],244;186;241;29;45;27;100
37687,Senecto defenso [Protozoa],236;246;50;199;216;224;240;21
29504,Virido defenso [Fungi],64;175;11;221;91;159;3
4949,Celer rubra [Protozoa],172;137;50;50;172;189;240;128
45910,Virido energo [Fungi],86;173;123;201;123;130;200
4962,Defenso senecto [Fungi],78;56;191;158;166;200;204
45935,Rubra virido [Fungi],214;230;252;107;213;149;157
13176,Sporulo senecto [Fungi],119;55;135;173;169;200;184
45965,Energo virido [Fungi],251;243;248;46;149;161;225
45973,Senecto rubra [Fungi],229;254;40;181;239;182;185
21411,Defenso virido [Bacteria],187;71;228;50;58;175;173;255
13220,Defenso rubra [Bacteria],78;120;0;33;191;175;240;255
21454,Energo defenso [Fungi],251;66;202;117;245;174;3
46031,Sporulo caeruleo [Fungi],212;172;156;176;10;214;104
46033,Senecto sporulo [Fungi],230;250;209;201;217;149;245
21478,Aggresso virido [Bacteria],220;204;154;33;58;156;240;235
21481,Defenso caeruleo [Fungi],151;153;156;79;10;73;199
46060,Sporulo senecto [Fungi],159;40;78;120;150;180;130
21485,Defenso rubra [Fungi],200;158;67;184;117;149;221
29679,Aggresso virido [Bacteria],75;120;89;20;124;175;240;229
46067,Sporulo virido [Fungi],165;168;186;71;198;217;177
46076,Senecto defenso [Fungi],114;250;231;109;216;149;73
37890,Senecto defenso [Fungi],126;254;221;145;156;117;53
37892,Sporulo defenso [Fungi],215;82;186;82;198;217;43
37901,Senecto defenso [Fungi],46;251;78;152;118;57;20
29717,Aggresso rubra [Bacteria],223;229;32;33;58;175;240;164
46110,Rubra caeruleo [Fungi],161;131;247;228;8;186;99
37921,Energo defenso [Fungi],251;214;47;111;100;95;23
46113,Energo virido [Fungi],242;152;142;134;178;221;202
5159,Caeruleo virido [Fungi],153;104;71;11;198;153;12
29737,Energo defenso [Fungi],246;160;243;202;154;200;64
46123,Energo defenso [Fungi],230;105;172;108;230;130;29
29742,Caeruleo defenso [Fungi],139;160;144;200;221;201;64
29752,Defenso virido [Bacteria],61;116;114;50;189;245;240;255
21566,Sporulo caeruleo [Fungi],128;163;83;16;8;197;127
29760,Celer aggresso [Protozoa],210;116;111;87;226;48;240;208
46149,Defenso rubra [Fungi],233;190;64;147;115;233;237
21575,Sporulo rubra [Fungi],167;214;31;94;43;244;148
46155,Caeruleo defenso [Fungi],159;141;53;201;219;107;51
29785,Energo senecto [Fungi],240;83;101;199;169;175;209
29793,Sporulo rubra [Fungi],233;211;7;64;241;251;94
37987,Energo rubra [Fungi],255;158;30;176;164;40;253
21627,Caeruleo senecto [Fungi],109;4;90;17;251;188;127
46203,Aggresso rubra [Protozoa],97;219;50;222;116;240;56;128
21636,Sporulo rubra [Fungi],213;91;41;151;115;235;163
46223,Sporulo defenso [Fungi],100;160;101;170;115;218;98
46225,Senecto virido [Fungi],248;252;152;114;219;200;239
46233,Defenso rubra [Fungi],219;103;41;188;181;157;241
13466,Defenso senecto [Bacteria],155;1;164;195;58;175;60;255
46236,Senecto caeruleo [Fungi],188;254;176;246;27;221;30
13476,Sporulo caeruleo [Fungi],204;181;189;173;0;244;204
21672,Energo defenso [Fungi],231;127;214;168;221;160;75
38075,Energo virido [Fungi],226;220;120;50;88;198;124
38078,Sporulo virido [Fungi],65;157;128;21;21;202;199
46270,Senecto virido [Fungi],221;253;124;60;183;158;252
46271,Defenso virido [Fungi],221;73;182;50;183;158;252
46283,Sporulo rubra [Fungi],170;126;85;142;184;239;204
21724,Sporulo rubra [Fungi],160;223;25;131;82;231;204
46303,Virido sporulo [Fungi],56;118;106;246;195;29;64
46304,Senecto caeruleo [Fungi],6;201;160;139;3;6;64
29934,Defenso caeruleo [Bacteria],118;120;253;232;58;158;59;255
29945,Sporulo defenso [Fungi],204;96;91;142;227;239;54
29947,Sporulo defenso [Fungi],155;108;83;184;182;231;31
46341,Sporulo virido [Fungi],153;148;180;37;84;224;61
46342,Energo rubra [Fungi],233;203;43;163;103;177;53
29960,Defenso rubra [Bacteria],220;153;73;150;211;175;158;255
46350,Caeruleo defenso [Fungi],103;140;165;159;185;69;41
29972,Defenso virido [Bacteria],78;120;147;33;58;170;240;255
29978,Sporulo rubra [Fungi],119;158;23;102;67;255;98
46366,Senecto caeruleo [Fungi],121;236;185;232;102;195;181
38177,Sporulo senecto [Fungi],192;91;101;102;214;218;179
46380,Aggresso virido [Bacteria],78;120;147;24;58;157;240;94
46398,Sporulo rubra [Fungi],16;24;14;42;39;239;138
38211,Aggresso caeruleo [Bacteria],141;148;176;125;68;146;240;204
38216,Sporulo rubra [Fungi],31;153;27;82;166;244;83
5453,Rubra defenso [Fungi],121;166;233;113;93;200;3
46420,Energo senecto [Bacteria],247;84;142;191;124;175;203;175
21849,Energo defenso [Fungi],251;66;120;50;13;200;3
46439,Defenso caeruleo [Fungi],133;81;83;135;10;180;231
46445,Senecto caeruleo [Fungi],99;250;95;183;36;149;202
46447,Rubra energo [Fungi],43;88;243;98;71;141;135
38261,Rubra defenso [Fungi],201;190;205;50;40;157;35
46454,Rubra caeruleo [Fungi],227;182;235;59;3;228;210
21883,Energo virido [Fungi],194;138;186;50;127;182;137
46462,Rubra energo [Fungi],57;214;253;232;205;241;139
13702,Senecto defenso [Fungi],192;247;67;221;38;184;1
46476,Sporulo virido [Fungi],119;192;147;55;166;244;120
46478,Defenso sporulo [Fungi],205;200;190;33;198;18;213
38289,Sporulo virido [Fungi],237;180;45;34;235;241;135
21907,Energo virido [Fungi],242;214;123;21;212;161;198
38291,Caeruleo virido [Fungi],174;192;184;101;251;126;165
38299,Defenso caeruleo [Bacteria],51;213;118;243;29;176;240;255
46493,Senecto rubra [Fungi],116;229;27;179;149;200;126
46512,Virido defenso [Fungi],227;180;111;255;220;208;89
38326,Energo sporulo [Fungi],245;93;152;153;220;41;195
30136,Caeruleo defenso [Fungi],251;66;116;115;254;200;3
46528,Caeruleo senecto [Fungi],204;43;77;206;216;151;204
46531,Sporulo caeruleo [Fungi],160;159;144;155;103;200;118
46536,Energo virido [Fungi],251;214;111;10;31;136;99
46543,Defenso caeruleo [Fungi],99;71;127;87;0;55;140
13778,Energo caeruleo [Fungi],247;220;170;118;19;103;95
21976,Energo sporulo [Fungi],231;140;67;168;163;30;191
38364,Defenso virido [Bacteria],106;120;65;50;58;187;184;216
38365,Defenso virido [Bacteria],165;192;77;50;223;67;122;246
46565,Senecto defenso [Fungi],207;212;100;196;155;50;33
46568,Defenso energo [Fungi],82;150;160;93;129;125;232
30224,Rubra caeruleo [Fungi],229;68;235;203;28;182;160
13841,Virido defenso [Fungi],212;97;123;229;195;219;24
46619,Energo rubra [Fungi],212;172;12;53;28;201;129
38432,Virido energo [Bacteria],51;229;154;243;58;175;212;178
5667,Senecto defenso [Fungi],165;230;106;155;115;190;20
46631,Caeruleo defenso [Fungi],240;208;244;239;245;215;101
22072,Sporulo virido [Fungi],227;180;55;24;75;248;135
46659,Sporulo defenso [Fungi],119;180;166;167;110;224;108
46663,Defenso virido [Fungi],42;101;152;28;172;166;243
22088,Defenso virido [Bacteria],220;120;110;33;58;114;93;255
30282,Senecto virido [Fungi],164;233;185;18;121;124;185
46666,Energo caeruleo [Fungi],219;214;93;50;3;219;64
38477,Virido senecto [Fungi],109;74;107;249;220;137;93
30287,Defenso virido [Fungi],119;152;155;25;178;221;231
22102,Rubra virido [Fungi],134;206;249;97;201;189;187
13912,Energo rubra [Bacteria],220;218;42;50;83;175;173;87
30305,Energo virido [Fungi],251;156;223;17;100;126;163
46693,Virido caeruleo [Fungi],108;186;175;241;47;209;115
38531,Energo defenso [Fungi],247;148;228;146;174;223;47
38539,Sporulo energo [Fungi],68;75;120;81;115;233;100
46737,Sporulo caeruleo [Fungi],129;163;55;134;8;237;190
46739,Senecto rubra [Fungi],194;252;33;177;101;233;131
13972,Virido senecto [Fungi],245;90;152;249;147;200;203
38554,Senecto caeruleo [Fungi],32;182;168;158;0;120;120
46757,Sporulo energo [Fungi],95;160;112;179;105;202;102
46764,Sporulo senecto [Fungi],184;32;74;183;207;225;208
38573,Energo rubra [Fungi],241;180;47;204;236;195;197
22190,Caeruleo virido [Bacteria],124;120;154;76;252;167;83;135
38576,Caeruleo rubra [Fungi],182;180;47;180;236;195;197
46768,Senecto rubra [Fungi],229;251;15;204;220;185;86
22198,Energo senecto [Fungi],225;95;106;139;115;204;223
46778,Sporulo defenso [Fungi],153;148;180;188;157;224;134
38588,Rubra virido [Fungi],143;133;176;0;34;147;50
46780,Defenso senecto [Fungi],111;108;116;209;223;224;248
14017,Rubra virido [Fungi],210;222;237;21;78;136;172
38596,Sporulo defenso [Fungi],200;247;106;118;74;249;62
46790,Rubra defenso [Fungi],53;49;223;197;73;184;43
14055,Caeruleo sporulo [Fungi],61;180;186;126;220;25;111
22261,Energo senecto [Fungi],241;160;187;213;183;241;185
46845,Sporulo energo [Fungi],27;207;202;53;100;227;134
22272,Caeruleo senecto [Fungi],75;4;74;169;238;221;205
30465,Senecto defenso [Fungi],233;239;116;197;232;186;86
38658,Sporulo virido [Fungi],239;180;186;4;246;248;85
22275,Caeruleo defenso [Fungi],76;156;228;112;229;136;62
46859,Caeruleo sporulo [Fungi],207;150;216;223;227;38;48
46864,Defenso aggresso [Bacteria],210;54;150;92;58;65;44;255
38677,Sporulo virido [Fungi],227;164;145;47;246;248;111
38679,Sporulo caeruleo [Fungi],227;180;145;197;77;248;88
46886,Aggresso virido [Bacteria],84;139;62;50;58;81;213;146
38694,Rubra defenso [Fungi],212;207;245;121;195;74;24
14125,Sporulo defenso [Fungi],94;160;25;125;8;231;3
5938,Virido rubra [Fungi],200;68;50;251;112;238;95
22323,Caeruleo sporulo [Fungi],204;222;157;142;227;116;120
30525,Defenso rubra [Bacteria],220;185;20;120;21;126;173;255
38719,Senecto virido [Fungi],182;228;142;75;148;226;99
46916,Rubra caeruleo [Fungi],160;180;222;165;85;200;200
30538,Caeruleo defenso [Fungi],114;245;120;227;249;155;79
38738,Defenso virido [Bacteria],220;154;149;50;96;139;240;255
46938,Virido senecto [Fungi],161;6;117;193;67;191;126
14172,Energo rubra [Fungi],251;218;81;101;115;106;239
38755,Defenso senecto [Bacteria],172;120;154;201;250;162;240;255
46953,Caeruleo sporulo [Fungi],174;156;90;155;185;48;62
22392,Energo virido [Fungi],216;160;112;27;105;183;82
14206,Energo caeruleo [Fungi],201;182;185;184;3;124;100
46977,Defenso rubra [Fungi],93;148;50;75;64;155;183
6026,Caeruleo senecto [Fungi],160;118;120;212;231;156;194
46991,Sporulo virido [Fungi],107;120;103;28;123;218;48
22417,Sporulo caeruleo [Fungi],26;160;163;125;1;195;3
22419,Rubra defenso [Fungi],164;160;228;20;21;151;3
14234,Caeruleo senecto [Fungi],219;7;181;151;255;254;42
47004,Sporulo rubra [Fungi],205;18;7;168;83;222;126
38813,Sporulo rubra [Fungi],225;176;40;80;42;248;215
14242,Defenso virido [Fungi],218;180;63;50;210;93;236
22442,Energo defenso [Fungi],231;57;214;39;163;190;22
47021,Aggresso defenso [Bacteria],161;120;139;170;58;98;240;9
47022,Energo defenso [Fungi],230;17;137;216;122;111;9
47035,Rubra virido [Fungi],219;171;221;10;203;190;148
47040,Defenso caeruleo [Fungi],105;155;9;38;2;151;247
14274,Defenso virido [Fungi],193;193;111;49;128;74;253
47044,Energo virido [Fungi],242;159;91;19;140;237;101
47047,Defenso rubra [Fungi],141;165;121;123;223;228;231
47060,Sporulo rubra [Fungi],227;164;111;203;220;248;136
22486,Energo rubra [Fungi],225;176;40;46;42;152;215
30683,Sporulo caeruleo [Fungi],160;180;192;131;103;231;174
47076,Defenso rubra [Bacteria],220;208;0;211;124;175;240;255
47077,Caeruleo virido [Fungi],184;120;243;14;252;160;58
38886,Sporulo senecto [Fungi],88;83;159;178;125;200;189
47079,Sporulo defenso [Fungi],79;115;179;128;95;214;70
30712,Senecto energo [Protozoa],33;228;228;50;220;63;222;50
30728,Energo virido [Fungi],247;193;214;91;107;186;163
22538,Energo sporulo [Fungi],225;169;204;203;220;82;187
22543,Energo senecto [Fungi],251;32;147;148;237;227;196
30736,Celer aggresso [Bacteria],194;153;73;101;211;248;11;157
47120,Energo caeruleo [Fungi],251;180;207;146;59;200;86
47126,Sporulo caeruleo [Fungi],131;159;189;135;8;249;127
47131,Rubra senecto [Fungi],230;146;249;202;209;219;195
38939,Caeruleo rubra [Fungi],149;146;116;120;232;186;131
38943,Virido caeruleo [Fungi],164;192;158;229;71;200;185
47140,Virido senecto [Fungi],142;8;147;241;97;51;204
30757,Sporulo virido [Fungi],162;153;184;67;169;200;184
38952,Virido caeruleo [Fungi],139;180;207;237;59;186;86
14392,Senecto virido [Fungi],107;248;120;29;177;200;119
38968,Sporulo caeruleo [Fungi],131;115;179;211;46;214;80
38979,Sporulo virido [Fungi],212;153;66;7;10;219;96
47174,Energo senecto [Fungi],242;95;228;146;174;223;195
47178,Aggresso caeruleo [Bacteria],88;149;224;125;1;187;243;236
47179,Rubra defenso [Fungi],207;123;245;206;241;240;41
47181,Senecto defenso [Fungi],141;221;84;137;146;200;8
22613,Energo defenso [Fungi],235;47;155;131;211;197;35
47197,Energo caeruleo [Fungi],227;214;211;131;3;221;152
30827,Defenso caeruleo [Fungi],201;118;106;139;3;135;223
14448,Defenso virido [Fungi],99;173;223;76;111;197;255
39025,Sporulo caeruleo [Fungi],219;195;13;42;9;254;63
22644,Defenso energo [Bacteria],11;12;154;175;22;175;107;255
39031,Aggresso rubra [Protozoa],156;228;50;50;220;240;222;207
47224,Defenso rubra [Bacteria],51;106;48;243;58;175;131;255
14473,Defenso celer [Bacteria],220;120;154;237;202;108;240;255
39049,Energo caeruleo [Fungi],227;214;213;131;96;221;152
47242,Energo senecto [Fungi],248;24;111;67;58;211;78
47252,Sporulo defenso [Fungi],233;186;145;194;221;244;120
22685,Caeruleo rubra [Fungi],174;192;22;101;251;126;165
47270,Energo defenso [Fungi],241;180;101;180;194;178;84
30887,Energo caeruleo [Fungi],219;217;101;151;32;218;63
39085,Energo sporulo [Fungi],204;186;147;137;166;118;204
30905,Caeruleo rubra [Fungi],160;104;9;218;255;109;102
39128,Virido caeruleo [Fungi],160;242;148;250;106;152;225
39130,Senecto rubra [Fungi],218;228;121;129;122;210;145
22754,Senecto rubra [Fungi],132;251;78;120;118;126;107
30948,Defenso senecto [Fungi],219;113;218;123;220;121;239
30951,Energo caeruleo [Fungi],230;180;123;50;3;161;22
47336,Senecto rubra [Fungi],211;216;67;124;209;149;125
39162,Virido senecto [Fungi],107;40;120;233;217;180;79
14586,Sporulo virido [Fungi],160;211;120;50;101;221;138
22786,Sporulo defenso [Fungi],144;148;40;249;39;254;38
47362,Sporulo senecto [Fungi],229;18;239;181;186;244;183
47364,Sporulo rubra [Fungi],229;194;45;120;150;235;209
39174,Sporulo rubra [Fungi],144;148;33;188;42;254;134
47370,Senecto rubra [Fungi],178;241;2;146;232;189;222
30987,Sporulo caeruleo [Fungi],219;88;239;42;9;254;63
14608,Energo defenso [Fungi],205;99;38;27;64;146;4
39188,Senecto rubra [Fungi],149;239;78;197;219;185;153
39191,Senecto defenso [Fungi],240;255;130;109;227;96;22
47387,Sporulo virido [Fungi],191;152;123;50;186;219;128
39210,Energo sporulo [Fungi],253;214;139;87;170;29;162
47407,Virido caeruleo [Fungi],159;153;120;253;78;126;159
31024,Senecto defenso [Fungi],155;245;189;174;115;244;38
22832,Defenso caeruleo [Bacteria],70;85;176;95;44;175;237;255
47415,Energo caeruleo [Fungi],217;180;164;60;59;142;86
47418,Senecto virido [Fungi],143;253;121;50;174;116;252
47422,Defenso rubra [Bacteria],103;185;20;142;241;119;173;255
31048,Sporulo defenso [Fungi],207;212;100;216;87;219;84
6473,Sporulo energo [Fungi],32;123;106;183;59;238;121
47447,Senecto virido [Fungi],210;232;200;21;70;224;122
47448,Caeruleo senecto [Fungi],201;16;107;183;227;116;63
39259,Rubra energo [Fungi],23;217;249;109;144;138;187
22886,Celer virido [Protozoa],122;197;130;89;90;114;240;202
47464,Defenso caeruleo [Fungi],195;92;152;28;26;200;243
14701,Sporulo caeruleo [Fungi],30;141;87;93;28;239;37
22897,Energo rubra [Fungi],240;180;101;199;235;210;209
31089,Caeruleo rubra [Fungi],175;132;45;226;249;155;79
22908,Energo rubra [Fungi],219;135;25;101;46;151;214
47494,Virido rubra [Fungi],241;108;4;246;91;224;26
31113,Defenso caeruleo [Fungi],126;117;120;154;106;188;189
31117,Energo caeruleo [Fungi],247;140;224;201;135;210;201
47502,Defenso sporulo [Fungi],160;88;192;42;62;38;204
39312,Sporulo caeruleo [Fungi],123;135;41;151;20;235;143
47504,Defenso senecto [Fungi],205;9;184;168;238;217;249
31137,Rubra caeruleo [Fungi],115;227;243;167;32;213;140
31141,Senecto rubra [Fungi],168;249;72;216;229;200;142
39334,Defenso virido [Fungi],234;55;179;50;118;59;243
47530,Energo defenso [Fungi],222;177;148;172;67;200;45
22957,Sporulo caeruleo [Fungi],217;173;140;148;52;241;209
47538,Caeruleo rubra [Fungi],165;79;44;170;228;105;129
31156,Rubra caeruleo [Fungi],171;152;216;165;86;190;145
47544,Defenso virido [Fungi],160;180;147;16;230;171;249
22973,Sporulo virido [Fungi],107;180;172;1;151;188;166
22980,Senecto rubra [Fungi],136;253;120;215;224;164;141
47572,Sporulo defenso [Fungi],169;227;219;218;131;237;102
47579,Defenso virido [Fungi],103;248;120;36;151;117;249
6623,Rubra defenso [Fungi],194;95;244;148;61;188;48
47584,Sporulo rubra [Fungi],107;180;47;72;92;188;166
39394,Rubra virido [Fungi],185;147;210;21;69;104;124
39395,Caeruleo virido [Fungi],204;203;160;60;229;146;100
39396,Sporulo caeruleo [Fungi],183;232;147;158;103;244;204
39398,Caeruleo senecto [Fungi],183;32;147;158;253;244;204
23016,Sporulo rubra [Fungi],129;68;7;149;238;251;236
31210,Sporulo caeruleo [Fungi],161;130;155;68;67;191;67
23019,Sporulo defenso [Fungi],147;139;25;125;52;231;3
47598,Defenso rubra [Fungi],200;158;25;124;209;188;221
6647,Sporulo virido [Fungi],149;180;78;47;219;227;107
47610,Sporulo energo [Fungi],16;85;43;125;227;233;174
6656,Senecto defenso [Protozoa],210;221;50;176;220;116;76;11
23048,Senecto rubra [Fungi],126;210;62;115;66;200;126
47624,Rubra caeruleo [Bacteria],28;209;225;216;8;202;27;159
23053,Caeruleo defenso [Fungi],91;160;177;200;244;219;64
47630,Senecto sporulo [Fungi],107;224;114;201;135;99;220
39446,Senecto virido [Fungi],185;221;179;50;86;219;75
31267,Energo defenso [Fungi],241;84;218;60;91;83;26
31271,Sporulo caeruleo [Fungi],140;232;99;134;35;255;254
31273,Energo rubra [Fungi],224;221;120;216;139;200;223
31275,Caeruleo defenso [Fungi],182;85;55;76;219;213;26
47673,Caeruleo virido [Fungi],200;196;111;50;220;141;182
47676,Caeruleo sporulo [Fungi],163;196;95;85;220;72;154
47681,Sporulo caeruleo [Fungi],139;135;239;158;14;252;186
47686,Senecto energo [Fungi],13;153;15;93;83;95;26
47692,Sporulo senecto [Fungi],205;119;132;148;124;254;168
47702,Defenso celer [Bacteria],220;203;20;50;58;5;223;245
47708,Sporulo rubra [Fungi],192;186;109;153;230;235;139
23135,Senecto virido [Bacteria],48;254;154;33;58;175;157;110
31338,Energo defenso [Fungi],251;180;220;233;131;200;76
39531,Defenso virido [Bacteria],180;222;214;50;58;98;201;255
39536,Senecto defenso [Fungi],131;205;139;50;27;200;11
39547,Energo defenso [Fungi],230;140;169;138;205;103;64
31356,Defenso virido [Fungi],242;221;179;50;181;219;253
47741,Sporulo virido [Fungi],29;90;167;6;68;228;33
23173,Sporulo caeruleo [Fungi],219;135;249;107;46;254;100
47749,Senecto virido [Fungi],89;248;142;85;148;190;233
47753,Caeruleo senecto [Fungi],205;0;7;168;238;78;159
39565,Energo defenso [Fungi],216;160;112;179;105;202;102
39568,Senecto rubra [Fungi],231;233;39;69;84;180;85
39574,Sporulo defenso [Fungi],163;116;120;81;101;233;50
39580,Sporulo rubra [Fungi],200;2;0;209;136;249;62
47780,Defenso rubra [Fungi],104;148;2;94;189;184;226
31399,Defenso virido [Bacteria],92;244;114;5;14;175;240;255
47786,Energo caeruleo [Fungi],251;239;40;230;22;200;98
47789,Sporulo rubra [Fungi],153;197;0;37;157;240;4
39598,Sporulo defenso [Fungi],108;233;189;81;214;244;49
47791,Sporulo defenso [Fungi],144;148;180;134;157;224;4
47796,Sporulo defenso [Fungi],184;234;100;183;90;250;36
6838,Sporulo rubra [Fungi],160;166;120;191;163;200;188
31417,Sporulo virido [Fungi],204;215;19;7;158;244;227
39613,Rubra virido [Fungi],212;172;245;53;211;201;179
47815,Caeruleo energo [Fungi],65;154;186;158;236;216;134
47817,Caeruleo defenso [Fungi],188;154;186;157;253;248;134
31450,Virido defenso [Fungi],63;99;32;226;157;224;4
31457,Energo caeruleo [Fungi],247;148;50;146;18;184;29
23270,Energo caeruleo [Bacteria],237;185;121;131;113;171;173;206
15080,Senecto virido [Bacteria],194;240;114;50;58;175;240;163
31476,Defenso rubra [Fungi],227;180;55;111;205;214;254
39670,Rubra defenso [Fungi],205;148;242;37;35;105;4
31485,Sporulo rubra [Fungi],131;196;53;201;205;227;117
15107,Sporulo senecto [Fungi],175;17;45;167;114;200;84
31492,Defenso senecto [Fungi],207;70;70;216;87;205;219
39687,Energo sporulo [Fungi],247;162;152;244;183;6;239
47896,Rubra defenso [Fungi],229;154;236;176;232;167;17
47900,Energo defenso [Fungi],236;49;167;48;73;184;11
39711,Caeruleo rubra [Fungi],204;126;23;118;249;244;204
47904,Caeruleo defenso [Fungi],240;140;235;157;245;215;101
31524,Sporulo caeruleo [Fungi],123;135;41;151;20;235;143
39721,Caeruleo virido [Fungi],129;105;142;16;230;171;209
39723,Senecto caeruleo [Fungi],198;216;162;157;72;118;105
39728,Defenso celer [Bacteria],162;120;177;90;124;82;240;255
39738,Sporulo defenso [Fungi],85;81;183;50;209;254;34
23362,Caeruleo senecto [Fungi],238;90;95;104;252;200;203
39753,Energo defenso [Fungi],251;55;81;133;99;55;47
15179,Defenso energo [Fungi],103;224;120;201;124;214;246
23376,Sporulo defenso [Fungi],211;190;99;102;114;255;98
31573,Rubra defenso [Fungi],114;190;205;50;61;157;34
39766,Senecto caeruleo [Fungi],70;252;162;146;10;157;163
31581,Sporulo virido [Fungi],156;123;156;82;198;200;104
15204,Rubra caeruleo [Fungi],148;138;241;151;6;235;163
47973,Energo virido [Fungi],227;180;111;37;220;212;191
47975,Caeruleo defenso [Fungi],216;180;206;201;245;117;19
39789,Defenso energo [Fungi],142;153;155;152;169;191;197
39790,Senecto caeruleo [Fungi],240;242;37;148;9;218;63
39807,Virido sporulo [Fungi],182;180;172;246;236;136;197
39808,Caeruleo virido [Fungi],182;180;172;109;236;186;193
23426,Sporulo rubra [Fungi],231;180;81;126;246;248;135
39826,Sporulo virido [Fungi],119;46;42;13;226;246;26
31645,Energo senecto [Fungi],218;6;63;129;122;210;155
39838,Energo virido [Bacteria],248;172;135;109;197;175;155;136
48037,Sporulo defenso [Fungi],131;175;114;114;19;236;3
48048,Sporulo virido [Fungi],129;163;104;64;205;206;99
31665,Aggresso virido [Protozoa],139;134;119;24;220;240;99;157
48052,Defenso energo [Bacteria],51;227;176;243;200;176;240;255
31677,Defenso virido [Bacteria],210;245;77;50;58;67;122;255
48062,Energo rubra [Fungi],226;190;22;50;67;200;184
48073,Defenso senecto [Fungi],184;32;67;153;103;98;208
31696,Caeruleo virido [Fungi],200;220;113;2;235;189;102
39889,Defenso caeruleo [Bacteria],54;254;54;33;25;175;196;255
48083,Senecto sporulo [Fungi],191;247;238;233;84;66;226
39893,Senecto caeruleo [Fungi],73;253;91;149;52;244;204
31707,Virido defenso [Fungi],169;104;219;243;177;237;102
48098,Senecto caeruleo [Fungi],200;220;170;109;61;107;113
15330,Caeruleo rubra [Fungi],150;223;92;173;249;200;184
7146,Virido senecto [Fungi],85;25;203;251;89;184;231
48108,Defenso rubra [Fungi],122;190;9;151;112;65;244
48118,Caeruleo senecto [Fungi],138;77;157;194;251;78;222
23549,Energo defenso [Fungi],241;211;188;125;134;165;62
48130,Energo caeruleo [Fungi],233;160;163;125;52;231;224
48139,Energo defenso [Fungi],231;123;167;188;163;225;34
48145,Defenso caeruleo [Bacteria],91;223;109;198;21;67;173;255
48148,Defenso caeruleo [Fungi],219;115;152;138;9;190;239
48149,Energo rubra [Fungi],215;215;76;82;198;200;102
39972,Aggresso celer [Bacteria],41;230;149;65;54;21;240;129
39975,Senecto caeruleo [Fungi],37;253;204;60;23;83;84
48167,Senecto defenso [Fungi],194;214;98;104;212;189;55
39980,Sporulo caeruleo [Fungi],181;90;44;222;37;251;62
48172,Defenso rubra [Bacteria],137;233;31;186;246;175;158;255
31791,Sporulo rubra [Fungi],192;180;13;63;150;201;197
15408,Sporulo rubra [Fungi],163;196;45;239;217;248;135
15410,Sporulo senecto [Fungi],183;15;105;174;43;244;148
39988,Sporulo senecto [Fungi],27;0;14;67;39;211;138
31801,Defenso virido [Bacteria],242;120;147;70;167;184;184;255
23611,Sporulo caeruleo [Fungi],195;153;132;200;22;219;64
39997,Caeruleo defenso [Fungi],131;112;115;92;220;206;21
23617,Defenso caeruleo [Fungi],159;213;126;131;62;154;226
31811,Rubra virido [Fungi],219;88;221;42;207;140;179
7235,Aggresso defenso [Protozoa],210;140;50;35;220;240;143;8
40003,Rubra defenso [Fungi],29;148;223;171;21;105;4
40004,Sporulo defenso [Fungi],99;148;132;126;84;250;41
7240,Defenso energo [Fungi],78;234;150;216;220;118;242
48208,Sporulo virido [Fungi],184;166;105;1;117;244;219
48210,Rubra virido [Fungi],207;170;248;30;102;179;48
48213,Sporulo rubra [Fungi],145;180;50;136;108;255;215
40028,Senecto defenso [Fungi],60;252;120;235;40;193;35
40045,Sporulo senecto [Fungi],165;100;118;170;228;239;129
40047,Defenso caeruleo [Fungi],177;97;50;143;33;105;183
48240,Sporulo rubra [Fungi],154;35;10;163;107;232;44
40049,Sporulo caeruleo [Fungi],68;105;180;51;42;188;166
48242,Senecto sporulo [Fungi],191;214;93;50;103;10;128
15485,Sporulo caeruleo [Fungi],180;153;15;236;0;244;120
23679,Defenso celer [Bacteria],99;176;154;136;139;13;118;255
40064,Caeruleo virido [Fungi],204;222;164;55;227;136;227
40072,Virido rubra [Fungi],155;172;12;179;157;92;15
48274,Sporulo caeruleo [Fungi],160;157;190;51;11;244;227
40085,Caeruleo rubra [Fungi],163;196;45;207;241;233;154
31900,Defenso caeruleo [Fungi],221;233;139;80;35;149;252
40094,Sporulo senecto [Fungi],172;17;195;188;38;219;64
48291,Sporulo virido [Fungi],131;175;90;9;19;189;29
31919,Rubra caeruleo [Fungi],204;186;255;140;103;210;204
48303,Energo caeruleo [Fungi],230;214;123;50;3;161;22
23731,Energo caeruleo [Fungi],239;88;165;180;23;213;84
31923,Sporulo defenso [Fungi],42;186;168;194;221;244;34
7357,Sporulo virido [Fungi],95;104;89;67;69;148;102
48320,Virido defenso [Fungi],238;182;94;248;69;172;58
48338,Energo senecto [Fungi],212;84;204;163;130;193;84
40161,Caeruleo defenso [Fungi],116;30;112;179;246;117;11
48356,Senecto virido [Fungi],151;250;135;0;49;159;67
48361,Aggresso caeruleo [Bacteria],78;120;129;100;22;175;240;115
40173,Virido rubra [Fungi],190;241;50;242;240;184;55
40190,Defenso senecto [Fungi],144;74;124;134;175;74;198
15617,Senecto virido [Protozoa],210;247;50;46;124;55;210;61
40194,Defenso senecto [Bacteria],220;99;124;115;214;181;200;255
48412,Energo virido [Fungi],249;160;25;10;82;127;103
32045,Virido sporulo [Fungi],225;113;92;252;88;72;247
48429,Virido caeruleo [Fungi],148;104;105;158;55;72;134
48450,Virido defenso [Fungi],65;96;66;253;132;64;54
48465,Energo senecto [Fungi],226;26;152;28;26;198;95
7510,Energo rubra [Fungi],247;68;1;73;194;184;29
40279,Caeruleo rubra [Fungi],175;130;5;169;229;176;108
40323,Defenso virido [Fungi],232;187;120;7;66;155;235
23950,Defenso aggresso [Bacteria],220;106;254;50;248;67;13;255
32150,Energo caeruleo [Fungi],241;157;55;67;41;224;104
40342,Energo virido [Fungi],230;180;169;21;149;219;64
7608,Rubra virido [Protozoa],210;226;251;50;169;141;240;128
40385,Sporulo caeruleo [Fungi],172;168;215;92;22;220;51
32214,Sporulo defenso [Fungi],227;239;111;203;220;248;89
32223,Senecto virido [Fungi],131;248;216;85;86;190;233
40416,Defenso caeruleo [Fungi],127;180;227;200;42;152;254
40422,Virido rubra [Fungi],160;190;122;206;129;172;173
32248,Sporulo virido [Fungi],227;82;101;49;86;244;209
40443,Energo virido [Fungi],188;95;106;1;115;157;116
15882,Sporulo virido [Fungi],155;148;149;108;188;200;139
32309,Sporulo defenso [Fungi],205;148;180;37;64;224;4
24121,Energo defenso [Fungi],227;214;123;197;186;219;111
40507,Senecto sporulo [Fungi],164;191;166;131;116;28;113
24125,Caeruleo energo [Bacteria],101;120;176;172;235;171;184;208
40527,Sporulo senecto [Fungi],195;17;75;188;38;219;64
32354,Senecto defenso [Fungi],140;153;60;79;115;99;58
32405,Energo caeruleo [Fungi],234;180;170;92;30;130;209
32414,Sporulo caeruleo [Fungi],227;188;223;158;31;228;36
32420,Virido defenso [Fungi],106;203;64;230;103;177;3
40621,Senecto caeruleo [Fungi],213;254;235;105;28;182;160
40635,Energo virido [Fungi],223;188;166;46;48;89;94
16063,Caeruleo senecto [Fungi],74;62;239;151;255;240;200
32449,Defenso rubra [Bacteria],220;218;0;142;143;244;99;255
40646,Defenso rubra [Fungi],187;202;123;133;198;149;212
32463,Defenso energo [Bacteria],78;134;154;223;192;175;140;255
32467,Energo rubra [Fungi],182;152;107;165;178;127;174
40682,Virido senecto [Fungi],225;78;204;232;149;195;86
7922,Defenso caeruleo [Fungi],76;180;63;50;19;93;236
24317,Sporulo caeruleo [Fungi],212;153;156;79;0;219;67
32509,Defenso caeruleo [Fungi],219;122;41;188;38;151;241
40705,Senecto aggresso [Protozoa],210;231;139;50;194;18;177;168
24334,Caeruleo rubra [Fungi],154;191;72;131;220;200;160
40718,Defenso virido [Fungi],200;174;200;34;197;189;207
24338,Defenso virido [Fungi],160;130;50;33;133;156;167
40729,Energo caeruleo [Fungi],251;180;220;230;109;200;240
32544,Sporulo defenso [Fungi],150;83;200;128;40;206;6
40738,Energo caeruleo [Fungi],224;119;134;130;51;201;209
32555,Caeruleo rubra [Fungi],223;192;45;50;249;219;99
32560,Energo caeruleo [Fungi],235;147;162;151;8;235;142
7990,Virido rubra [Fungi],183;115;97;227;152;122;155
40793,Caeruleo defenso [Fungi],184;193;189;156;252;160;60
40802,Senecto rubra [Fungi],150;230;34;207;68;195;105
40809,Sporulo defenso [Fungi],103;217;249;109;116;253;11
24425,Energo rubra [Fungi],241;168;56;132;112;199;89
40813,Energo caeruleo [Fungi],251;193;81;37;11;121;110
32627,Sporulo senecto [Fungi],184;33;138;183;210;250;45
32630,Sporulo caeruleo [Fungi],173;233;169;241;89;250;141
40823,Senecto caeruleo [Fungi],6;201;163;63;3;105;132
32640,Senecto virido [Fungi],221;253;120;19;64;97;203
40845,Virido caeruleo [Fungi],161;223;55;236;39;186;197
40854,Energo virido [Fungi],254;155;45;17;233;235;154
40877,Energo defenso [Fungi],227;218;111;203;42;212;9
40894,Senecto caeruleo [Fungi],49;202;115;129;44;93;96
24527,Energo virido [Fungi],223;210;50;46;108;145;215
40920,Caeruleo sporulo [Fungi],114;196;80;85;220;72;133
24551,Energo caeruleo [Fungi],242;214;19;50;3;219;128
40940,Sporulo rubra [Fungi],84;153;15;125;78;156;127
40949,Senecto rubra [Fungi],149;220;20;140;142;203;47
32759,Caeruleo sporulo [Fungi],119;129;201;206;215;51;165
16383,Sporulo caeruleo [Fungi],204;65;146;192;0;238;176
